Target Table,Target Column,Target Data Type,Source Table,Source Column,Transformation / Business Rule,Surrogate Key Lookup,Notes
dim_date,date_key,INTEGER (PK),(generated),-,"YYYYMMDD smart key, generated by calendar build script",-,Not sourced from Silver
dim_date,date,DATE,(generated),-,Calendar date,-,
dim_date,day/week/month/quarter/year,SMALLINT,(generated),-,Standard calendar part extraction,-,
dim_date,fiscal_year,SMALLINT,(generated),-,Business rule: fiscal year = calendar year offset per finance calendar (e.g. FY starts April),-,Confirm fiscal calendar convention with Finance
dim_date,fiscal_quarter,SMALLINT,(generated),-,Derived from fiscal_year offset,-,
dim_date,is_weekend_flag,BOOLEAN,(generated),-,TRUE if Saturday/Sunday,-,
dim_date,business_day_flag,BOOLEAN,(generated),-,TRUE if NOT is_weekend_flag AND NOT holiday_flag,-,
dim_date,holiday_flag,BOOLEAN,(generated),-,Populated from a maintained public-holiday calendar reference,-,
dim_airline,airline_key,INTEGER IDENTITY (PK),slv_airline,-,Surrogate key auto-generated on insert,Generated,
dim_airline,airline_code,VARCHAR(20),slv_airline,airline_code,Direct copy (natural key for MERGE match),-,
dim_airline,airline_name,VARCHAR(200),slv_airline,airline_name,Direct copy,-,
dim_airline,country,VARCHAR(100),slv_airline,country,Direct copy,-,
dim_airline,alliance,VARCHAR(100),slv_airline,alliance,Direct copy,-,
dim_airline,carrier_type,VARCHAR(50),slv_airline,carrier_type,Direct copy,-,
dim_airline,active_flag,BOOLEAN,slv_airline,active_flag,Direct copy,-,
dim_airline,source_system,VARCHAR(100),slv_airline,source_system,Direct copy,-,
dim_airline,dw_created_ts,TIMESTAMP,slv_airline,created_ts,"Set once, on first Gold insert (GETDATE())",-,
dim_airline,dw_updated_ts,TIMESTAMP,slv_airline,updated_ts,Refreshed on every MERGE (GETDATE()),-,"SCD Type 1: MERGE on airline_code, update attributes in place"
dim_aircraft,aircraft_key,INTEGER IDENTITY (PK),slv_aircraft,-,Surrogate key auto-generated on insert of each version row,Generated,
dim_aircraft,tail_number,VARCHAR(20),slv_aircraft,tail_number,Direct copy (durable natural key across versions),-,
dim_aircraft,aircraft_type,VARCHAR(100),slv_aircraft,aircraft_type,Direct copy,-,
dim_aircraft,manufacturer,VARCHAR(100),slv_aircraft,manufacturer,Direct copy,-,
dim_aircraft,delivery_year,SMALLINT,slv_aircraft,delivery_date,YEAR(delivery_date),-,
dim_aircraft,retirement_year,SMALLINT,slv_aircraft,retirement_date,YEAR(retirement_date),-,
dim_aircraft,operator_airline_key,INTEGER,slv_aircraft,operator_airline_code,Resolve to airline_key,Lookup dim_airline WHERE airline_code = slv.operator_airline_code,Tracked attribute for SCD2 change detection
dim_aircraft,effective_start_date,DATE,slv_aircraft,updated_ts (date portion),Business rule: date this version became current -- load date for the batch that introduced the change,-,SCD Type 2 versioning column
dim_aircraft,effective_end_date,DATE,slv_aircraft,-,Business rule: set to (next version's effective_start_date - 1) when a new version is inserted; NULL while current,-,SCD Type 2 versioning column
dim_aircraft,is_current_flag,BOOLEAN,slv_aircraft,-,"Business rule: TRUE for the latest version per tail_number, FALSE for all prior versions",-,SCD Type 2 versioning column
dim_aircraft,source_system,VARCHAR(100),slv_aircraft,source_system,Direct copy,-,
dim_aircraft,dw_created_ts,TIMESTAMP,slv_aircraft,created_ts,Set on insert of this version row (GETDATE()),-,
dim_aircraft,dw_updated_ts,TIMESTAMP,slv_aircraft,updated_ts,Refreshed on every MERGE evaluation (GETDATE()),-,"SCD Type 2: compare operator_airline_code (+ other tracked attrs) vs current row; if changed, expire old row and insert new version"
dim_event_type,event_type_key,INTEGER IDENTITY (PK),slv_event_type,-,Surrogate key auto-generated on insert,Generated,
dim_event_type,event_type_name,VARCHAR(200),slv_event_type,event_type_name,Direct copy,-,
dim_event_type,event_category,VARCHAR(100),slv_event_type,event_category,Direct copy,-,
dim_event_type,description,VARCHAR(1000),slv_event_type,description,Direct copy,-,
dim_event_type,source_system,VARCHAR(100),slv_event_type,source_system,Direct copy,-,
dim_event_type,dw_created_ts,TIMESTAMP,slv_event_type,created_ts,Set once on first Gold insert,-,
dim_event_type,dw_updated_ts,TIMESTAMP,slv_event_type,updated_ts,Refreshed on every MERGE,-,"SCD Type 1: MERGE on event_type_code (not carried to Gold, code lives only in Silver/lookups)"
dim_airport,airport_key,INTEGER IDENTITY (PK),slv_airport,-,Surrogate key auto-generated on insert,Generated,
dim_airport,airport_code,VARCHAR(20),slv_airport,airport_code,Direct copy (natural key for MERGE match),-,
dim_airport,airport_name,VARCHAR(200),slv_airport,airport_name,Direct copy,-,
dim_airport,city,VARCHAR(100),slv_airport,city,Direct copy,-,
dim_airport,country,VARCHAR(100),slv_airport,country,Direct copy,-,
dim_airport,region,VARCHAR(100),slv_airport,region,Direct copy,-,
dim_airport,iata_code,VARCHAR(10),slv_airport,iata_code,Direct copy,-,
dim_airport,icao_code,VARCHAR(10),slv_airport,icao_code,Direct copy,-,
dim_airport,latitude,"DECIMAL(9,6)",slv_airport,latitude,Direct copy,-,
dim_airport,longitude,"DECIMAL(9,6)",slv_airport,longitude,Direct copy,-,
dim_airport,timezone,VARCHAR(50),slv_airport,timezone,Direct copy,-,
dim_airport,source_system,VARCHAR(100),slv_airport,source_system,Direct copy,-,
dim_airport,dw_created_ts,TIMESTAMP,slv_airport,created_ts,Set once on first Gold insert,-,
dim_airport,dw_updated_ts,TIMESTAMP,slv_airport,updated_ts,Refreshed on every MERGE,-,SCD Type 1: MERGE on airport_code
dim_route,route_key,INTEGER IDENTITY (PK),slv_route,-,Surrogate key auto-generated on insert,Generated,
dim_route,origin_airport_key,INTEGER,slv_route,origin_airport_code,Resolve to airport_key,Lookup dim_airport WHERE airport_code = slv.origin_airport_code,
dim_route,destination_airport_key,INTEGER,slv_route,destination_airport_code,Resolve to airport_key,Lookup dim_airport WHERE airport_code = slv.destination_airport_code,
dim_route,route_distance_miles,"DECIMAL(10,2)",slv_route,route_distance_miles,Direct copy,-,
dim_route,region,VARCHAR(100),slv_route,region,Direct copy,-,
dim_route,route_type,VARCHAR(50),slv_route,route_type,Direct copy,-,
dim_route,domestic_international,VARCHAR(20),slv_route,domestic_international,Direct copy,-,
dim_route,source_system,VARCHAR(100),slv_route,source_system,Direct copy,-,
dim_route,dw_created_ts,TIMESTAMP,slv_route,created_ts,Set once on first Gold insert,-,
dim_route,dw_updated_ts,TIMESTAMP,slv_route,updated_ts,Refreshed on every MERGE,-,SCD Type 1: MERGE on route_id (Silver natural key)
dim_customer,customer_key,INTEGER IDENTITY (PK),slv_customer,-,Surrogate key auto-generated on insert,Generated,
dim_customer,customer_name,VARCHAR(200),slv_customer,customer_name,Direct copy,-,
dim_customer,customer_type,VARCHAR(50),slv_customer,customer_type,Direct copy,-,
dim_customer,country,VARCHAR(100),slv_customer,country,Direct copy,-,
dim_customer,segment,VARCHAR(100),slv_customer,segment,Direct copy,-,
dim_customer,active_flag,BOOLEAN,slv_customer,active_flag,Direct copy,-,
dim_customer,source_system,VARCHAR(100),slv_customer,source_system,Direct copy,-,
dim_customer,dw_created_ts,TIMESTAMP,slv_customer,created_ts,Set once on first Gold insert,-,
dim_customer,dw_updated_ts,TIMESTAMP,slv_customer,updated_ts,Refreshed on every MERGE,-,SCD Type 1: MERGE on customer_id (Silver natural key)
dim_data_product,product_key,INTEGER IDENTITY (PK),slv_data_product,-,Surrogate key auto-generated on insert,Generated,
dim_data_product,product_name,VARCHAR(200),slv_data_product,product_name,Direct copy,-,
dim_data_product,domain,VARCHAR(100),slv_data_product,domain,Direct copy,-,
dim_data_product,delivery_type,VARCHAR(50),slv_data_product,delivery_type,Direct copy,-,
dim_data_product,description,VARCHAR(1000),slv_data_product,description,Direct copy,-,
dim_data_product,active_flag,BOOLEAN,slv_data_product,active_flag,Direct copy,-,
dim_data_product,source_system,VARCHAR(100),slv_data_product,source_system,Direct copy,-,
dim_data_product,dw_created_ts,TIMESTAMP,slv_data_product,created_ts,Set once on first Gold insert,-,
dim_data_product,dw_updated_ts,TIMESTAMP,slv_data_product,updated_ts,Refreshed on every MERGE,-,SCD Type 1: MERGE on product_code (Silver natural key)
fact_flight_operations,flight_key,BIGINT IDENTITY (PK),slv_flight_operations,-,Surrogate key auto-generated on insert,Generated,
fact_flight_operations,date_key,INTEGER,slv_flight_operations,flight_date,Format flight_date as YYYYMMDD,Lookup dim_date WHERE date = slv.flight_date,
fact_flight_operations,airline_key,INTEGER,slv_flight_operations,carrier_code,Resolve to airline_key,Lookup dim_airline WHERE airline_code = slv.carrier_code,
fact_flight_operations,aircraft_key,INTEGER,slv_flight_operations,"tail_number, flight_date",Resolve to the aircraft version current on flight_date,"Lookup dim_aircraft WHERE tail_number = slv.tail_number AND flight_date BETWEEN effective_start_date AND COALESCE(effective_end_date,'9999-12-31')",SCD2 point-in-time lookup
fact_flight_operations,route_key,INTEGER,slv_flight_operations,route_id,Resolve to route_key,Lookup dim_route WHERE route_id = slv.route_id,
fact_flight_operations,origin_airport_key,INTEGER,slv_flight_operations,origin_airport_code,Resolve to airport_key,Lookup dim_airport WHERE airport_code = slv.origin_airport_code,
fact_flight_operations,destination_airport_key,INTEGER,slv_flight_operations,destination_airport_code,Resolve to airport_key,Lookup dim_airport WHERE airport_code = slv.destination_airport_code,
fact_flight_operations,schedule_id,VARCHAR(50),slv_flight_operations,schedule_id,Direct copy,-,
fact_flight_operations,scheduled_departure_ts,TIMESTAMP,slv_flight_operations,scheduled_departure_ts,Direct copy,-,
fact_flight_operations,actual_departure_ts,TIMESTAMP,slv_flight_operations,actual_departure_ts,Direct copy,-,
fact_flight_operations,scheduled_arrival_ts,TIMESTAMP,slv_flight_operations,scheduled_arrival_ts,Direct copy,-,
fact_flight_operations,actual_arrival_ts,TIMESTAMP,slv_flight_operations,actual_arrival_ts,Direct copy,-,
fact_flight_operations,delay_minutes,INTEGER,slv_flight_operations,delay_minutes,Direct copy,-,
fact_flight_operations,taxi_out_minutes,INTEGER,slv_flight_operations,taxi_out_minutes,Direct copy,-,
fact_flight_operations,taxi_in_minutes,INTEGER,slv_flight_operations,taxi_in_minutes,Direct copy,-,
fact_flight_operations,flight_distance_miles,"DECIMAL(10,2)",slv_flight_operations,flight_distance_miles,Direct copy,-,
fact_flight_operations,block_hours,"DECIMAL(6,2)",slv_flight_operations,block_hours,Direct copy,-,
fact_flight_operations,cancelled_flag,BOOLEAN,slv_flight_operations,cancelled_flag,Direct copy,-,
fact_flight_operations,diverted_flag,BOOLEAN,slv_flight_operations,diverted_flag,Direct copy,-,
fact_flight_operations,source_system,VARCHAR(100),slv_flight_operations,source_system,Direct copy,-,
fact_flight_operations,dw_created_ts,TIMESTAMP,slv_flight_operations,created_ts,Set once on first Gold insert,-,
fact_flight_operations,dw_updated_ts,TIMESTAMP,slv_flight_operations,updated_ts,Refreshed as actuals arrive / on every load,-,Business rule: only rows where slv_flight_operations.dq_valid_flag = TRUE are loaded to Gold
fact_flight_events,event_key,BIGINT IDENTITY (PK),slv_flight_events,-,Surrogate key auto-generated on insert,Generated,
fact_flight_events,flight_key,BIGINT,slv_flight_events,flight_id,Resolve to flight_key (nullable),Lookup fact_flight_operations WHERE flight_id (via slv_flight_operations) matches,Nullable if parent flight not yet loaded
fact_flight_events,event_type_key,INTEGER,slv_flight_events,event_type_code,Resolve to event_type_key,Lookup dim_event_type WHERE event_type_code = slv.event_type_code (matched via Silver code),
fact_flight_events,date_key,INTEGER,slv_flight_events,event_timestamp,Format date portion of event_timestamp as YYYYMMDD,Lookup dim_date WHERE date = CAST(slv.event_timestamp AS DATE),
fact_flight_events,event_timestamp,TIMESTAMP,slv_flight_events,event_timestamp,Direct copy,-,
fact_flight_events,producer_system,VARCHAR(100),slv_flight_events,producer_system,Direct copy,-,
fact_flight_events,consumer_system,VARCHAR(100),slv_flight_events,consumer_system,Direct copy,-,
fact_flight_events,message_size_bytes,INTEGER,slv_flight_events,message_size_bytes,Direct copy,-,
fact_flight_events,event_count,INTEGER,slv_flight_events,event_count,Direct copy,-,
fact_flight_events,source_system,VARCHAR(100),slv_flight_events,source_system,Direct copy,-,
fact_flight_events,dw_created_ts,TIMESTAMP,slv_flight_events,created_ts,Set once on insert (append-only fact),-,
fact_flight_events,dw_updated_ts,TIMESTAMP,slv_flight_events,updated_ts,Same as dw_created_ts for append-only fact,-,
fact_aircraft_utilization,utilization_key,BIGINT IDENTITY (PK),slv_flight_operations + slv_aircraft_maintenance,-,Surrogate key auto-generated on insert,Generated,
fact_aircraft_utilization,date_key,INTEGER,slv_flight_operations + slv_aircraft_maintenance,flight_date / maintenance date,Aggregation grain = calendar date,Lookup dim_date,
fact_aircraft_utilization,aircraft_key,INTEGER,slv_flight_operations + slv_aircraft_maintenance,tail_number,Resolve to the aircraft version current on date_key,"Lookup dim_aircraft (SCD2 point-in-time, as in fact_flight_operations)",
fact_aircraft_utilization,operator_airline_key,INTEGER,slv_aircraft,operator_airline_code,Resolve to airline_key for the operator on date_key,Lookup dim_airline WHERE airline_code = slv_aircraft.operator_airline_code (via dim_aircraft version),
fact_aircraft_utilization,flight_count,INTEGER,slv_flight_operations,flight_id,"COUNT(*) GROUP BY tail_number, flight_date",-,Business rule: aggregation
fact_aircraft_utilization,utilization_hours,"DECIMAL(10,2)",slv_flight_operations,block_hours,"SUM(block_hours) GROUP BY tail_number, flight_date",-,Business rule: aggregation
fact_aircraft_utilization,maintenance_hours,"DECIMAL(10,2)",slv_aircraft_maintenance,downtime_hours,"SUM(downtime_hours) GROUP BY tail_number, date",-,"Business rule: aggregation. downtime_hours itself is now header-derived (close_ts - open_ts) in Silver, not a passthrough"
fact_aircraft_utilization,ground_hours,"DECIMAL(10,2)",slv_flight_operations + slv_aircraft_maintenance,(derived),"Business rule: non-flying, non-maintenance ground time = turnaround/idle time between flights",-,Computed as a residual alongside available_hours -- see available_hours rule
fact_aircraft_utilization,available_hours,"DECIMAL(10,2)",slv_flight_operations + slv_aircraft_maintenance,(derived),Business rule: 24 - utilization_hours - maintenance_hours - ground_hours (reconciliation check: the four components must sum to 24),-,NEW column added in Gold v2
fact_aircraft_utilization,total_labor_hours,"DECIMAL(10,2)",slv_aircraft_maintenance,total_labor_hours,"SUM(total_labor_hours) GROUP BY tail_number, date",-,"NEW in Gold v2.1. Maintenance EFFORT metric, distinct from elapsed maintenance_hours -- multiple techs work in parallel so this can exceed maintenance_hours"
fact_aircraft_utilization,total_parts_used,INTEGER,slv_aircraft_maintenance,parts_count,"SUM(parts_count) GROUP BY tail_number, date",-,NEW in Gold v2.1
fact_aircraft_utilization,total_discrepancies,INTEGER,slv_aircraft_maintenance,discrepancy_count,"SUM(discrepancy_count) GROUP BY tail_number, date",-,NEW in Gold v2.1
fact_aircraft_utilization,average_delay_minutes,"DECIMAL(10,2)",slv_flight_operations,delay_minutes,"AVG(delay_minutes) GROUP BY tail_number, flight_date",-,Business rule: aggregation
fact_aircraft_utilization,source_system,VARCHAR(100),slv_flight_operations + slv_aircraft_maintenance,source_system,Concatenate contributing source systems,-,
fact_aircraft_utilization,dw_created_ts,TIMESTAMP,slv_flight_operations + slv_aircraft_maintenance,-,Set once per batch run,-,
fact_aircraft_utilization,dw_updated_ts,TIMESTAMP,slv_flight_operations + slv_aircraft_maintenance,-,Refreshed on each daily aggregation re-run,-,
fact_route_performance,route_perf_key,BIGINT IDENTITY (PK),slv_flight_operations,-,Surrogate key auto-generated on insert,Generated,
fact_route_performance,date_key,INTEGER,slv_flight_operations,flight_date,Aggregation grain = calendar date,Lookup dim_date,
fact_route_performance,route_key,INTEGER,slv_flight_operations,route_id,Aggregation grain = route,Lookup dim_route WHERE route_id = slv.route_id,
fact_route_performance,flight_count,INTEGER,slv_flight_operations,flight_id,"COUNT(*) GROUP BY route_id, flight_date",-,Business rule: aggregation
fact_route_performance,delay_count,INTEGER,slv_flight_operations,delay_minutes,"COUNT(*) WHERE delay_minutes > 15, GROUP BY route_id, flight_date",-,Business rule: on-time performance threshold = 15 minutes
fact_route_performance,cancel_count,INTEGER,slv_flight_operations,cancelled_flag,"COUNT(*) WHERE cancelled_flag = TRUE, GROUP BY route_id, flight_date",-,Business rule: aggregation
fact_route_performance,avg_delay_minutes,"DECIMAL(10,2)",slv_flight_operations,delay_minutes,"AVG(delay_minutes) GROUP BY route_id, flight_date",-,Business rule: aggregation
fact_route_performance,otp_percentage,"DECIMAL(5,2)",slv_flight_operations,"flight_count, delay_count",Business rule: (flight_count - delay_count) / flight_count * 100,-,On-time performance %; on-time defined as delay <= 15 minutes and not cancelled
fact_route_performance,source_system,VARCHAR(100),slv_flight_operations,source_system,Direct copy,-,
fact_route_performance,dw_created_ts,TIMESTAMP,slv_flight_operations,-,Set once per batch run,-,
fact_route_performance,dw_updated_ts,TIMESTAMP,slv_flight_operations,-,Refreshed on each daily aggregation re-run,-,
fact_flight_history,history_key,BIGINT IDENTITY (PK),slv_flight_history,-,Surrogate key auto-generated on insert,Generated,
fact_flight_history,flight_key,BIGINT,slv_flight_history,history_id,Resolve to flight_key where the operational record still exists (nullable),Lookup fact_flight_operations via matching carrier/route/date; NULL if not found,Nullable for older archive-only records
fact_flight_history,airline_key,INTEGER,slv_flight_history,carrier_code,Resolve to airline_key,Lookup dim_airline WHERE airline_code = slv.carrier_code,"Intentionally denormalized -- stored directly, not derived via flight_key"
fact_flight_history,route_key,INTEGER,slv_flight_history,route_id,Resolve to route_key,Lookup dim_route WHERE route_id = slv.route_id,"Intentionally denormalized -- stored directly, not derived via flight_key"
fact_flight_history,date_key,INTEGER,slv_flight_history,flight_date,Format flight_date as YYYYMMDD,Lookup dim_date WHERE date = slv.flight_date,
fact_flight_history,delay_minutes,INTEGER,slv_flight_history,delay_minutes,Direct copy,-,
fact_flight_history,cancelled_flag,BOOLEAN,slv_flight_history,cancelled_flag,Direct copy,-,
fact_flight_history,load_factor,"DECIMAL(5,2)",slv_flight_history,load_factor,Direct copy,-,
fact_flight_history,data_source,VARCHAR(100),slv_flight_history,data_source,Direct copy,-,
fact_flight_history,dw_created_ts,TIMESTAMP,slv_flight_history,created_ts,Set once on first Gold insert,-,
fact_flight_history,dw_updated_ts,TIMESTAMP,slv_flight_history,updated_ts,Refreshed on every load,-,
fact_product_subscriptions,subscription_key,BIGINT IDENTITY (PK),slv_subscription,-,Surrogate key auto-generated on insert,Generated,
fact_product_subscriptions,customer_key,INTEGER,slv_subscription,customer_id,Resolve to customer_key,Lookup dim_customer WHERE customer_id (matched via Silver natural key),
fact_product_subscriptions,product_key,INTEGER,slv_subscription,product_code,Resolve to product_key,Lookup dim_data_product WHERE product_code (matched via Silver natural key),
fact_product_subscriptions,start_date,DATE,slv_subscription,start_date,Direct copy,-,
fact_product_subscriptions,end_date,DATE,slv_subscription,end_date,Direct copy,-,
fact_product_subscriptions,subscription_tier,VARCHAR(50),slv_subscription,subscription_tier,Direct copy,-,
fact_product_subscriptions,subscription_status,VARCHAR(50),slv_subscription,subscription_status,Direct copy,-,
fact_product_subscriptions,source_system,VARCHAR(100),slv_subscription,source_system,Direct copy,-,
fact_product_subscriptions,dw_created_ts,TIMESTAMP,slv_subscription,created_ts,Set once on first Gold insert,-,
fact_product_subscriptions,dw_updated_ts,TIMESTAMP,slv_subscription,updated_ts,Refreshed on every MERGE,-,
